url,title,active
"https://superuser.com/questions/199285/how-to-copy-image-to-clipboard-to-paste-to-another-application/1331914#1331914", "ubuntu - How to copy image to clipboard, to paste to another application? - Super User", "false"
"https://twitter.com/compose/tweet", "(2) Flancia! on Twitter: ""I fear bringing up Elon Musk often as it's a tech bro staple. Do I sound too much like a tech bro? I bring him up because I often like to think about what the Elon Musk of Flancia would be like."" / Twitter", "false"
"https://mdxjs.com/", "MDX", "false"
"https://en.wikipedia.org/wiki/Solid_(web_decentralization_project)", "Solid (web decentralization project) - Wikipedia", "false"
"https://developer.apple.com/xcode/swiftui/", "Xcode - SwiftUI - Apple Developer", "false"
"https://twitter.com/flancian/status/1383442433376014338", "(1) Flancia! on Twitter: ""I love coding but some days I love writing more. Is it bad I write more than I ""implement""? But writing is also often a constructive step in the path to implementation."" / Twitter", "false"
"https://docs.google.com/document/d/1m9NIgZqfgkjZ7MVKiCHds2dNEWSXRnqi4F9wtQM-r3I/edit", "Untitled document - Google Docs", "false"
"https://superuser.com/questions/199285/how-to-copy-image-to-clipboard-to-paste-to-another-application", "ubuntu - How to copy image to clipboard, to paste to another application? - Super User", "false"
"https://anagora.org/toot", "[[toot]]", "false"
"https://anagora.org/toot", "[[toot]]", "false"
"https://anagora.org/toot", "[[toot]]", "false"
"https://photos.google.com/u/1/search/_cAF1QipP3QAdVnD9OARvVMovD6TQpsRdnLSVoo7Q_Ocell/photo/AF1QipM5FKfu16BBvcAfyNnF6L3UkHFX27PqMhOEGOqb", "Photo - Google Photos", "false"
"https://anagora.org/node/moa-git", "[[moa-git]]", "false"
"https://gitlab.com/fedstoa/moa", "FedStoa / moa ¬∑ GitLab", "false"
"https://anagora.org/do", "[[do]]", "false"
"https://opencollective.com/flancia", "Flancia - Open Collective", "false"
"https://anagora.org/book-of-the-new-sun", "[[book-of-the-new-sun]]", "false"
"https://en.wikipedia.org/wiki/The_Book_of_the_New_Sun", "The Book of the New Sun - Wikipedia", "false"
"https://twitter.com/flancian/status/1383778632573734915", "Flancia! on Twitter: ""https://t.co/UYo5Yl9u5b"" / Twitter", "false"
"https://anagora.org/node/2021-04-18", "[[2021-04-18]]", "false"
"https://twitter.com/home", "Home / Twitter", "false"
"https://anagora.org/working-in-public", "[[working-in-public]]", "false"
"https://ctznry.com/", "CTZN", "false"
"https://meet.google.com/jgw-hbfg-uhs", "Meet ‚Äì Flancia", "false"
"https://anagora.org/flancian", "[[flancian]]", "false"
"https://en.wikipedia.org/wiki/Prettyprint", "Prettyprint - Wikipedia", "false"
"https://twitter.com/compose/tweet", "Aly on Twitter: ""@flancian Would you say that GPT-3 is a person?"" / Twitter", "false"
"http://dev.anagora.org/the-book-of-the-new-sun", "[[the-book-of-the-new-sun]]", "false"
"https://anagora.org/a-cyborg-manifesto", "[[a-cyborg-manifesto]]", "false"
"https://drive.google.com/drive/u/0/folders/10irQt6AsmudqqIwH8nzmHFU2_B_Kz1wV", "talk - Google Drive", "false"
"https://ux.stackexchange.com/questions/97767/natural-reverse-scrolling-usability-studies", "operating systems - natural/reverse scrolling usability studies - User Experience Stack Exchange", "false"
"https://www.reddit.com/r/apple/comments/1p7gm2/who_here_actually_uses_natural_scrolling/", "Who here actually uses ""natural"" scrolling? : apple", "false"
"https://social.coop/web/notifications", "(2) social.coop", "false"
"https://mail.google.com/mail/u/0/#inbox", "Inbox (207) - 0@flancia.org - Flancia Mail", "false"
"https://www.yogitimes.com/article/kumbhaka-breath-pranayama-inhale-exhale-pausing", "the space between breaths: kumbhaka - YOGI TIMES", "false"
"https://en.wikipedia.org/wiki/Kumbhaka", "Kumbhaka - Wikipedia", "false"
"https://twitter.com/flancian/status/1384792572963524608", "Flancia! on Twitter: """"The Missing Semester of Your CS Education"" https://t.co/k9QQ1fxKyE [[missing semester | https://t.co/Ck9XtkGXvL]]"" / Twitter", "false"
"https://mhoffman.github.io/2015/05/21/how-to-navigate-directories-with-the-shell.html", "How to navigate directories faster with bash", "false"
"https://twitter.com/compose/tweet", "Notifications / Twitter", "false"
"https://mail.google.com/mail/u/0/#inbox", "Inbox (181) - 0@flancia.org - Flancia Mail", "false"
"https://mail.google.com/mail/u/1/#inbox/KtbxLwGgDSZQgtQZdpmtCqXLmXCjwzvZnq", "Appointment / registration - perseguidor@gmail.com - Gmail", "false"
"https://twitter.com/notifications", "Notifications / Twitter", "false"
"https://anagora.org/promnesia", "[[promnesia]]", "false"
"https://merveilles.town/web/statuses/106110625279934750", "Merveilles", "false"
"about:debugging#/runtime/this-firefox", "Debugging - Runtime / this-firefox", "false"
"https://github.com/karlicoss/promnesia/blob/master/doc/config.py", "promnesia/config.py at master ¬∑ karlicoss/promnesia", "false"
"https://www.reddit.com/r/AskCulinary/comments/6o8xw7/is_it_safe_to_eat_lettuce_when_part_of_it_was/", "Is it safe to eat lettuce when part of it was brown and slimy? : AskCulinary", "false"
"https://add0n.com/tab-discard.html?version=0.4.6&p=0.4.5.1&type=update", "Auto Tab Discard :: add0n.com", "false"
"https://www.chicagotribune.com/news/ct-xpm-1991-05-27-9102170410-story.html", "LETTUCE IS SAFE TO EAT DESPITE BROWN SPOTS - Chicago Tribune", "false"
"https://www.eatortoss.com/single-post/2019/09/08/little-brown-spots-on-lettuce-are-no-big-deal", "Little brown spots on lettuce are no big deal", "false"
"https://calendar.google.com/calendar/u/0/r", "Flancia ‚Äì Calendar - Week of 18 April 2021", "false"
"https://news.ycombinator.com/item?id=26910579", "Why Lichess will always be free | Hacker News", "false"
"https://twitter.com/notifications", "Notifications / Twitter", "false"
"https://www.youtube.com/watch?v=GT8TAM2HCms", "Marmercake, zo maak je deze klassieker | MARMERCAKE | Vanille & Chocolade Marmercake - YouTube", "false"
"https://www.random.org/", "RANDOM.ORG - True Random Number Service", "false"
"https://app.element.io/?pk_vid=0527d5c98daaa58c16128276318448d5#/room/!RNvqoqQEoOrRoIdOEV:matrix.org", "Element [3] | karlicoss", "false"
"https://www.google.com/search?channel=fs&q=allow+release+let+go", "allow release let go - Google Search", "false"
"https://www.google.com/search?q=certero%20in%20english", "certero in english - Google Search", "false"
"https://news.ycombinator.com/", "Hacker News", "false"
"https://steamcommunity.com/app/435150/discussions/0/1495615865208237238/", "Backstab vs crit, scoundrel vs DW :: Divinity: Original Sin 2 General Discussions", "false"
"https://en.wikipedia.org/wiki/Chu-Bu_and_Sheemish", "Chu-Bu and Sheemish - Wikipedia", "false"
"https://twitter.com/DickFeynman5/status/1385626512573992962", "DickFeynman on Twitter: ""@flancian that‚Äôs a good fucking plan right there, if ive ever seen one. may this type of plan, concepts, ideas, whatever, spread through the minds of humans far and wide. https://t.co/e1eB3b6g3I"" / Twitter", "false"
"https://twitter.com/home", "(4) Home / Twitter", "false"
"https://en.wikipedia.org/wiki/Samuel_Edward_Konkin_III", "Samuel Edward Konkin III - Wikipedia", "false"
"https://askubuntu.com/questions/301057/testing-my-system-i-need-a-script-that-will-use-as-much-ram-and-swap-as-possibl", "13.04 - Testing my system, I need a script that will use as much ram and swap as possible - Ask Ubuntu", "false"
"https://meet.google.com/qdx-zbjn-beq", "Meet ‚Äì Agora", "false"
"https://mail.google.com/mail/u/0/#inbox/FMfcgxwLtkVVJpgNjnJfZtdjXhmMQWpn", "Password change code for ctzn.one - 0@flancia.org - Flancia Mail", "false"
"https://www.kickscondor.com/HT2020/", "Hypertext 2020", "false"
"https://anagora.org/flaneur", "[[flaneur]]", "false"
"https://twitter.com/pfrazee", "Paul Frazee‚úåÔ∏è (@pfrazee) / Twitter", "false"
"https://meet.google.com/", "Google Meet", "false"
"https://anagora.org/friend", "[[friend]]", "false"
"https://anagora.org/g-i", "[[g-i]]", "false"
"https://www.google.com/search?channel=fs&q=close+enocunters+of+the+third+kind", "close enocunters of the third kind - Google Search", "false"
"https://twitter.com/messages/111391654-773144670507499521", "Benedict Lau / Twitter", "false"
"http://router.asus.com/Main_Login.asp", "ASUS Login", "false"
"https://askubuntu.com/questions/481/how-do-i-find-the-package-that-provides-a-file", "How do I find the package that provides a file? - Ask Ubuntu", "false"
"https://via.hypothes.is/https://ipfs.io/ipfs/bafykbzacedbxckanhuutgrhd3og4pvau23oihmc4tzgzoo5tb57zs6vrbshfk?filename=Bibby%2C%20Duane_Felleisen%2C%20Matthias_Friedman%2C%20Daniel%20P%20-%20Daniel%20P.%20Friedman%20%26%20Matthias_%20The%20Little%20Schemer-MIT%20Press%20%282007%29.pdf", "The Little Schemer - 4th Edition - Bibby, Duane_Felleisen, Matthias_Friedman, Daniel P - Daniel P. Friedman & Matthias_ The Little Schemer-MIT Press (2007).pdf", "false"
"https://help.ubuntu.com/community/VNC/Servers", "VNC/Servers - Community Help Wiki", "false"
"https://funds.effectivealtruism.org/donate/payment", "Donate to Effective Altruism Funds | Effective Altruism Funds", "false"
"https://www.google.com/search?q=definesolidary", "definesolidary - Google Search", "false"
"https://anagora.org/node/2021-04-25", "[[2021-04-25]]", "false"
"https://opencollective.com/flancia-collective/edit/host", "Flancia - Open Collective", "false"
"https://anagora.org/manifesto", "[[manifesto]]", "false"
"https://twitter.com/enkiv2/status/1355239567637569542", "Amalgamated Tsundoku Psychohazard on Twitter: ""@flancian https://t.co/2hCwpyL5yH"" / Twitter", "false"
"https://anagora.org/manifestos", "[[manifestos]]", "false"
"https://anagora.org/manifesto", "[[manifesto]]", "false"
"https://twitter.com/flancian/status/1386327779101184002", "Flancia! on Twitter: ""[[alvin zollinger | https://t.co/6qDJiujRti]] https://t.co/czpCLwVtU4"" / Twitter", "false"
"https://mail.google.com/mail/u/0/#inbox", "Inbox (207) - 0@flancia.org - Flancia Mail", "false"
"https://anagora.org/alvin-zollinger", "[[alvin-zollinger]]", "false"
"https://twitter.com/flancian/status/1386399362478231566", "Flancia! on Twitter: ""@pfrazee Thank you kindly! I've got a server at https://t.co/HzFnIIzJtO running; but https://t.co/jY57tOZq52 doesn't seem to be able to connect to it. Does it require the reverse proxy to run? If so, does it expect ctzn to be served at /? 1/ https://t.co/Hzc6nMGDOo"" / Twitter", "false"
"https://www.google.com/search?q=soliloquy", "soliloquy - Google Search", "false"
"https://www.goodreads.com/book/photo/32277642-the-king-in-yellow", "The King in Yellow cover image | Goodreads", "false"
"https://stoa.anagora.org/p/patterning-reading-group", "patterning-reading-group | Stoapad", "false"
"https://www.google.com/search?q=650%20*%209", "650 flancian snapshot 9 - Google Search", "false"
"https://anagora.org/ctzn", "[[ctzn]]", "false"
"https://ap.www.namecheap.com/Domains/DomainControlPanel/anagora.org/advancedns", "Advanced DNS", "false"
"https://github.com/pfrazee/ctzn/blob/master/docs/setting-up-a-server.md", "ctzn/setting-up-a-server.md at master ¬∑ pfrazee/ctzn", "false"
"https://www.linode.com/community/questions/575/sasl-autentication", "sasl autentication | Linode Questions", "false"
"https://web.telegram.org/#/im?p=g544397256", "3 notifications", "false"
"https://wiki.debian.org/PostfixAndSASL", "PostfixAndSASL - Debian Wiki", "false"
"https://www.google.com/search?channel=fs&q=auth+plain+sasl", "auth plain sasl - Google Search", "false"
"https://networking.ringofsaturn.com/Protocols/howtotestsendmailauthentication.php", "Test Sendmail SASL Authentication", "false"
"https://www.linode.com/docs/guides/postfix-smtp-debian7/", "Configure Postfix to Send Email Using External SMTP Servers | Linode", "false"
"https://devanswers.co/postfix-external-smtp-server/", "How to configure Postfix to use an External SMTP Server | DevAnswers.co", "false"
"https://ctznry.com/signup", "Sign up | CTZN", "false"
"https://help.audible.com/s/article/how-do-i-change-my-marketplace-in-the-audible-for-android-app?language=en_US", "How do I change my marketplace in the Audible for Android app? | Audible Help", "false"
"https://en.wikipedia.org/wiki/Collatz_conjecture", "Collatz conjecture - Wikipedia", "false"
"https://en.wikipedia.org/wiki/Conjecture", "Conjecture - Wikipedia", "false"
"https://www.imdb.com/title/tt1255953/", "Incendies (2010) - IMDb", "false"
"https://twitter.com/home", "üí§ (2) Home / Twitter", "false"
"https://github.com/karlicoss/promnesia/blob/92dbf972e6c7621ce19a71f2db65aa8af368953a/src/promnesia/sources/markdown.py#L54-L56", "promnesia/markdown.py at 92dbf972e6c7621ce19a71f2db65aa8af368953a ¬∑ karlicoss/promnesia", "false"
"https://twitter.com/flancian/status/1387326704121692160", "Flancia! on Twitter: ""[[collatz conjecture]]: the integer sequence - 3n + 1 if odd - n/2 if even terminates (reaches 1) for all values https://t.co/BOX3bsaXAk"" / Twitter", "false"
"https://en.wikipedia.org/wiki/The_Timeless_Way_of_Building", "The Timeless Way of Building - Wikipedia", "false"
"https://anagora.org/places-for-the-soul", "[[places-for-the-soul]]", "false"
"https://vimeo.com/ondemand/placesforthesoul", "Watch Places For the Soul Online | Vimeo On Demand on Vimeo", "false"
"https://anagora.org/just-in-time-project-management", "[[just-in-time-project-management]]", "false"
"https://anagora.org/places-for-the-soul", "[[places-for-the-soul]]", "false"
"https://via.hypothes.is/https://stoa.anagora.org/ipfs/QmZhvFuT6urnUG4pjJTDzmFWhTYkVpuzmJv4t9FvENLphs", "Untitled - QmZhvFuT6urnUG4pjJTDzmFWhTYkVpuzmJv4t9FvENLphs", "false"
"https://en.wikipedia.org/wiki/Christopher_Alexander#Published_works", "Christopher Alexander - Wikipedia", "false"
"https://en.wikipedia.org/wiki/Pirsig%27s_Metaphysics_of_Quality#Quality", "Pirsig's Metaphysics of Quality - Wikipedia", "false"
"https://twitter.com/flancian/status/1387821234252099589", "Flancia! on Twitter: ""@Virtual1nstinct If you could volunteer ten tweets of yours for posterity, what would they be? [[favorite]] https://t.co/Mxvn760YPM"" / Twitter", "false"
"https://anagora.org/promnesia-howto", "[[promnesia-howto]]", "false"
"http://galactanet.com/oneoff/theegg_mod.html", "The Egg", "false"
"https://anagora.org/the-book-of-the-new-sun", "[[the-book-of-the-new-sun]]", "false"
"https://hijack.social/", "Hijack Your Feed", "false"
"https://medium.com/@mikedariano/04-part-of-the-reason-thinking-e5f5aea6d89a", "#04 Part of the reason thinking. You can get the podcast version of this‚Ä¶ | by mikedariano | Medium", "false"
"https://en.wikipedia.org/wiki/Lemma_(morphology)", "Lemma (morphology) - Wikipedia", "false"
"https://anagora.org/agora-rfc", "[[agora-rfc]]", "false"
"https://github.com/karlicoss/HPI", "karlicoss/HPI: Human Programming Interface üßëüëΩü§ñ", "false"
"https://twitter.com/flancian/status/1382359717578674192", "(2) Flancia! on Twitter: ""Will now try to do two pomodoros on a project I find hard, [[wikilinks everywhere | https://t.co/PsMM74bKr8]]. It is hard for me because I'm a ""backend person"" and I haven't used JS seriously ever. But, well, I'll assume I can learn and see how far I can go."" / Twitter", "false"
"https://bl.ocks.org/vasturiano/02affe306ce445e423f992faeea13521", "3D Force-Directed Graph (ThreeJS) - bl.ocks.org", "false"
"https://vasturiano.github.io/force-graph/example/auto-colored/", "https://vasturiano.github.io/force-graph/example/auto-colored/", "false"
"https://nervous-papayawhip-hermitcrab.gigalixirapp.com/pfrazee%40ctzn.one/ctzn.network/post/ff080bc8f6f57d48", "Post by Paul Frazee ‚úåÔ∏è ¬∑ Txtzn", "false"
"https://rdflib.readthedocs.io/en/stable/intro_to_graphs.html", "Navigating Graphs ‚Äî rdflib 5.0.0 documentation", "false"
"https://www.npmjs.com/package/treedoc", "treedoc - npm", "false"
"https://github.com/treedoc/treedoc_ts", "treedoc/treedoc_ts: JSONex TreeDoc json parser. A permissive json parser which supports textproto", "false"
"https://treenotation.org/", "Tree Notation", "false"
"https://moa.party/", "Moa", "false"
"https://powerpractical.com/pages/how-do-thermoelectrics-work", "How Do Thermoelectrics Work? - Power Practical", "false"
"https://www.google.com/search?q=stanford%20plato", "stanford plato - Google Search", "false"
"https://en.wikipedia.org/wiki/Thermoelectric_generator", "Thermoelectric generator - Wikipedia", "false"
"https://www.goodreads.com/book/show/18114087-the-knowledge", "The Knowledge: How to Rebuild Our World from Scratch by Lewis Dartnell | Goodreads", "false"
"https://stackoverflow.com/questions/13687334/moving-uncommitted-changes-to-a-new-branch", "git - Moving uncommitted changes to a new branch - Stack Overflow", "false"
"https://nervous-papayawhip-hermitcrab.gigalixirapp.com/feed", "Feed ¬∑ Txtzn", "false"
"https://en.wikipedia.org/wiki/Suppression_of_the_Society_of_Jesus", "Suppression of the Society of Jesus - Wikipedia", "false"
"https://photos.google.com/", "Photos - Google Photos", "false"
"https://store.steampowered.com/app/1591290/Tree_Simulator_2022/", "Tree Simulator 2022 on Steam", "false"
"https://www.google.com/maps/dir/Binzm%C3%BChlestrasse+101,+8050+Z%C3%BCrich/R%C3%B6schibachplatz,+R%C3%B6schibachstrasse,+8037+Z%C3%BCrich/@47.4026927,8.5298786,15z/data=!4m18!4m17!1m5!1m1!1s0x47900a8f0224ef91:0x2da96e2775df297b!2m2!1d8.5393808!2d47.4132926!1m5!1m1!1s0x47900a6946cd9379:0xd1db4d42ac0271d1!2m2!1d8.5290465!2d47.3932435!2m3!6e1!7e2!8j1618071300!3e3", "Binzm√ºhlestrasse 101, 8050 Z√ºrich to R√∂schibachplatz - Google Maps", "false"
"https://learnpythontherightway.com/", "Learn Python the Right Way", "false"
"http://dev.anagora.org/agora", "<a href='https://anagora.org/node/agora'><a href='https://anagora.org/node/agora'><a href='https://anagora.org/agora'>[[agora]]</a></a></a>", "false"
"https://anagora.org/index", "<a href='https://anagora.org/node/index'><a href='https://anagora.org/node/index'><a href='https://anagora.org/index'>[[index]]</a></a></a>", "false"
"https://stackoverflow.com/questions/59975596/connect-javascript-to-python-script-with-flask", "Connect JavaScript to Python script with Flask - Stack Overflow", "false"
"https://en.wikipedia.org/wiki/D%27Arcy_Wentworth_Thompson", "D'Arcy Wentworth Thompson - Wikipedia", "false"
"https://gitlab.com/veracantcode/agora-ext/-/blob/master/app.js", "app.js ¬∑ master ¬∑ Veronika Gillies / agora-ext ¬∑ GitLab", "false"
"https://twitter.com/flancian/status/1387849673621262336", "(4) Flancia! on Twitter: ""/pages is an unfortunate conflict with [[foam]] defaults, but perhaps not bad. Switching to [[chromium]] just to get this working."" / Twitter", "false"
"https://developer.mozilla.org/en-US/docs/Mozilla/Add-ons/WebExtensions/Your_first_WebExtension", "Your first extension - Mozilla | MDN", "false"
"about:addons", "Add-ons Manager", "false"
"https://news.ycombinator.com/item?id=26821281", "Ask HN: My startup has more annual subscribers than monthly. What to make of it? | Hacker News", "false"
"https://jimsaunders.net/2017/08/03/simple-per-user-systemd.html", "A simple systemd keep-alive script", "false"
"https://unix.stackexchange.com/questions/293233/tmux-new-window-wait-until-session-is-up", "background process - tmux new-window --- wait until session is up? - Unix & Linux Stack Exchange", "false"
"https://unix.stackexchange.com/questions/359088/how-do-i-force-a-tmux-window-to-be-a-given-size", "How do I force a tmux window to be a given size - Unix & Linux Stack Exchange", "false"
"https://calendar.google.com/calendar/u/0/r/week", "Flancia ‚Äì Calendar - Week of 11 April 2021", "false"
"https://www.google.com/maps/place/Bern/@46.9699418,7.317152,12.5z/data=!4m5!3m4!1s0x478e39c0d43a1b77:0xcb555ffe0457659a!8m2!3d46.9479739!4d7.4474468", "Bern - Google Maps", "false"
"https://www.google.com/maps/place/%E3%83%8F%E3%83%BC%E3%83%AC%E3%83%B3%E3%83%BB%E3%82%B8%E3%83%BC%E3%83%89%E3%83%AB%E3%83%B3%E3%82%AF/@46.9725214,7.4126507,19z/data=!4m15!1m9!3m8!1s0x478e397d32e40203:0xf2502f7273463254!2sHalen!5m2!4m1!1i2!8m2!3d46.9726862!4d7.4135065!3m4!1s0x478e3999f3362e13:0x827e0b80cb839cc9!8m2!3d46.9725999!4d7.4130303?authuser=1", "„Éè„Éº„É¨„É≥„Éª„Ç∏„Éº„Éâ„É´„É≥„ÇØ - Google Maps", "false"
"https://www.google.com/search?channel=fs&q=siedlung+in+english", "siedlung in english - Google Search", "false"
"https://sentry.io/flancia/anagoraorg/getting-started/python-flask/", "Configure Flask - anagoraorg - Sentry", "false"
"https://photos.google.com/", "Photos - Google Photos", "false"
"https://photos.google.com/u/1/", "Photos - Google Photos", "false"
"https://en.m.wikipedia.org/wiki/Casio_F-91W", "Casio F-91W - Wikipedia", "false"
"https://anagora.org/will-walker", "[[will-walker]]", "false"
"https://www.google.com/search?channel=fs&q=circumstantial", "circumstantial - Google Search", "false"
"https://www.google.com/search?channel=fs&q=johnny+mnemonic", "johnny mnemonic - Google Search", "false"
"https://twitter.com/flancian", "Flancia! (@flancian) / Twitter", "false"
"https://www.google.com/search?channel=fs&q=elon+musk", "elon musk - Google Search", "false"
"https://twitter.com/atomicsearchinc", "Profile / Twitter", "false"
"https://thebrowser.company/", "The Browser Company", "false"
"https://sentry.io/organizations/flancia/issues/2358733004/?project=5733551", "This is an example Python exception: raven.scripts.runner in main - flancia - moa", "false"
"https://www.google.com/search?channel=fs&q=standoff+properties", "standoff properties - Google Search", "false"
"https://uiw.tf/cmdk", "‚åòK Menu ‚Äî uiwtf", "false"
"https://raycast.com/", "Raycast", "false"
"https://www.google.com/search?channel=fs&q=true+arrow", "true arrow - Google Search", "false"
"https://anagora.org/all-tomorrow's-parties", "[[all-tomorrow's-parties]]", "false"
"https://www.google.com/search?channel=fs&q=spotlight+apple", "spotlight apple - Google Search", "false"
"https://github.com/sponsors/osnr?success=true", "Sponsor @osnr on GitHub Sponsors", "false"
"https://twitter.com/flancian", "Flancia! (@flancian) / Twitter", "false"
"https://anagora.org/tabfs", "[[tabfs]]", "false"
"https://twitter.com/flancian/status/1383438976283856900", "(1) Flancia! on Twitter: ""The Agora will have this service: you tell it where your data is, and what you want to do with it, and the Agora will do it for you if it can. If it can't, it'll keep a record of the request and fulfill it once it's tractable."" / Twitter", "false"
"https://social.coop/web/notifications", "social.coop", "false"
"https://nebulate.ai/n/twitter/hour/latest", "Nebulate", "false"
"https://arxiv.org/abs/1802.03426", "[1802.03426] UMAP: Uniform Manifold Approximation and Projection for Dimension Reduction", "false"
"https://www.jetbrains.com/pycharm/", "PyCharm: the Python IDE for Professional Developers by JetBrains", "false"
"https://via.hypothes.is/https://stoa.anagora.org/ipfs/QmZT7E9yVePVVx2MQuAyj8ygNPPWYoegiXtJpBNuupodDP", "Notes on the Synthesis of Form (Harvard Paperbacks) - QmZT7E9yVePVVx2MQuAyj8ygNPPWYoegiXtJpBNuupodDP", "false"
"https://backreaction.blogspot.com/2021/04/does-universe-have-higher-dimensions.html", "Sabine Hossenfelder: Backreaction: Does the Universe have Higher Dimensions? Part 1", "false"
"https://en.wikipedia.org/wiki/Collective_unconscious", "Collective unconscious - Wikipedia", "false"
"https://en.wikipedia.org/wiki/Ramon_Llull", "Ramon Llull - Wikipedia", "false"
"https://twitter.com/RobertHaisfield", "Robert Haisfield (@RobertHaisfield) / Twitter", "false"
"https://twitter.com/explore", "Explore / Twitter", "false"
"https://github.com/flancian/agora", "flancian/agora: A possible implementation of the Agora (flancia.org/agora).", "false"
"https://via.hypothes.is/https://stoa.anagora.org/ipfs/QmZhvFuT6urnUG4pjJTDzmFWhTYkVpuzmJv4t9FvENLphs", "Untitled - QmZhvFuT6urnUG4pjJTDzmFWhTYkVpuzmJv4t9FvENLphs", "false"
"https://doodle.com/poll/tbk6222z3h7g3h27", "Doodle | Agora", "false"
"https://doodle.com/poll/tbk6222z3h7g3h27", "Doodle | Agora", "false"
"https://www.digitec.ch/", "digitec.ch ‚Äì the online shop for all things digital", "false"
"https://twitter.com/compose/tweet", "Flancia! on Twitter: ""@codexeditor Yes; writing is closer to pure dreaming. I can write about things I am unable to pull off myself; I can write about things that we can aspire to, even while we know we are relatively clueless :)"" / Twitter", "false"
"https://www.digitec.ch/en/order/42435195", "Order 42435195 - digitec", "false"
"https://helpcenter.digitec.ch/hc/en-us?return_to=%2Fhc%2Frequests", "digitec Helpcenter", "false"
"https://www.google.com/search?channel=fs&q=cet+timezone", "cet timezone - Google Search", "false"
"https://calendar.google.com/calendar/u/0/r", "Flancia ‚Äì Calendar - Week of 11 April 2021", "false"
"https://meet.google.com/xbt-xind-hma?authuser=0", "Meet ‚Äì xbt-xind-hma", "false"
"https://twitter.com/home", "Home / Twitter", "false"
"view-source:https://web.telegram.org/#/im?p=g444923630", "https://web.telegram.org/#/im?p=g444923630", "false"
"https://twitter.com/compose/tweet", "Flancia! on Twitter: ""Which parties do you belong to? Which parties do you see as yours? Which parties do you attend? Please post your answers to this thread or write in: https://t.co/XOvuR56z41"" / Twitter", "false"
"https://nostalgic-kalam-4bd5b5.netlify.app/", "https://nostalgic-kalam-4bd5b5.netlify.app/", "false"
"https://via.hypothes.is/https://stoa.anagora.org/ipfs/QmZhvFuT6urnUG4pjJTDzmFWhTYkVpuzmJv4t9FvENLphs", "Untitled - QmZhvFuT6urnUG4pjJTDzmFWhTYkVpuzmJv4t9FvENLphs", "false"
"https://stoa.anagora.org/p/patterning_reading_group", "patterning reading group | Stoapad", "false"
"https://zhdk.zoom.us/j/95215356271?pwd=S1VSMTdVV2xHNmxwU0cySHdFUWJrZz09#success", "Launch Meeting - Zoom", "false"
"https://screenshots.firefox.com/", "Firefox Screenshots", "false"
"https://www.google.com/search?channel=fs&q=eigenschaften", "eigenschaften - Google Search", "false"
"https://www.google.com/search?q=agent+learning+how+to+run+openai", "agent learning how to run openai - Google Search", "false"
"https://en.wikipedia.org/wiki/Veranda", "Veranda - Wikipedia", "false"
"https://en.wikipedia.org/wiki/The_Timeless_Way_of_Building", "The Timeless Way of Building - Wikipedia", "false"
"https://unibe-ch.zoom.us/j/69541676726?pwd=VndLditkZHdwS2VSRFliNzUrREoyQT09#success", "Launch Meeting - Zoom", "false"
"https://en.wikipedia.org/wiki/Partially_ordered_set", "Partially ordered set - Wikipedia", "false"
"https://en.wikipedia.org/wiki/Herbert_A._Simon", "Herbert A. Simon - Wikipedia", "false"
"https://de.wikipedia.org/wiki/HyperCard", "HyperCard ‚Äì Wikipedia", "false"
"https://www.google.com/search?q=define%3Abalked", "define:balked - Google Search", "false"
"https://handshake.institute/", "Home | ü§ù Handshake Institute", "false"
"https://stoa.anagora.org/p/patterning_reading_group", "patterning reading group | Stoapad", "false"
"https://anagora.org/agora-development", "[[agora-development]]", "false"
"https://twitter.com/lizduckchong/status/1382818760940158977", "Sydney‚Äôs #2 liz on Twitter: ""This is one of the things I get the most responses from cis people about. https://t.co/y51ipcAKlZ"" / Twitter", "false"
"https://www.google.com/search?q=rube+goldberg+machine&tbm=isch", "rube goldberg machine - Google Search", "false"
"https://anagora.org/node/ea", "[[ea]]", "false"
"https://unibe-ch.zoom.us/j/68727410881?pwd=Y2VXbVMyY2lsUms4eDE4YnA2R2IrZz09#success", "Launch Meeting - Zoom", "false"
"https://forum.effectivealtruism.org/", "EA Forum", "false"
"https://anagora.org/toot", "[[toot]]", "false"
"https://anagora.org/i3-debug-log", "[[i3-debug-log]]", "false"
"https://www.reddit.com/r/i3wm/comments/i9xu28/where_does_i3_write_its_log_file/", "Where does i3 write it's log file? : i3wm", "false"
"https://www.google.com/search?channel=fs&q=mac+os+x+big+sur+photos+background", "mac os x big sur photos background - Google Search", "false"
"https://merveilles.town/oauth/authorize/native?code=XDfBeVZ9R4MNmreBYbMSnhUqnqNo2AqH9KOLYuabTzs", "Merveilles", "false"
"https://social.coop/web/statuses/106081422514411557", "(3) social.coop", "false"
"https://github.com/ihabunek/toot", "ihabunek/toot: toot - Mastodon CLI & TUI", "false"
"https://twitter.com/home", "(7) Home / Twitter", "false"
"https://anagora.org/toot", "[[toot]]", "false"
"https://www.worldscientific.com/doi/suppl/10.1142/2324/suppl_file/2324_chap01.pdf", "2324_chap01.pdf", "false"
"https://anagora.org/dima", "[[dima]]", "false"
"https://twitter.com/home", "(17) Home / Twitter", "false"
"http://urwid.org/", "Overview ‚Äî Urwid 2.1.2", "false"
"http://dev.anagora.org/toot", "[[toot]]", "false"
"http://dev.anagora.org/toot", "[[toot]]", "false"
"https://twitter.com/home", "Home / Twitter", "false"
"https://anagora.org/moa", "[[moa]]", "false"
"https://gitlab.com/fedstoa/moa/-/issues", "Issues ¬∑ FedStoa / moa ¬∑ GitLab", "false"
"https://doodle.com/en/", "Free online meeting scheduling tool | Doodle", "false"
"https://github.com/flancian/agora", "flancian/agora: A possible implementation of the Agora (flancia.org/agora).", "false"
"https://zhdk.zoom.us/j/95215356271?pwd=S1VSMTdVV2xHNmxwU0cySHdFUWJrZz09#success", "Launch Meeting - Zoom", "false"
"https://anagora.org/fission", "[[fission]]", "false"
"https://social.coop/web/timelines/home", "(7) social.coop", "false"
"https://twitter.com/flancian/status/1383498556120600577", "(13) Flancia! on Twitter: ""[[go links | https://t.co/cSQAYM2bXx]] in action https://t.co/cUWOlJXDO2"" / Twitter", "false"
"https://anagora.org/do", "[[do]]", "false"
"https://anagora.org/node/2021-04-18", "[[2021-04-18]]", "false"
"https://lu.ma/t2rcivwh", "Book Club: Working in Public, Nadia Eghbal - Zoom", "false"
"https://anagora.org/working-in-public", "[[working-in-public]]", "false"
"https://lu.ma/", "Luma - Activate Your Community", "false"
"https://anagora.org/hyper", "[[hyper]]", "false"
"https://www.google.com/search?channel=fs&q=agora+search", "agora search - Google Search", "false"
"https://mail.google.com/mail/u/2/#inbox/FMfcgxwLtkPkrJpKwfFgRwPVTTkQmjGd", "Amazon security alert: Sign-in attempt - luperedu@gmail.com - Gmail", "false"
"https://escritoshereticos.blogspot.com/", "https://escritoshereticos.blogspot.com/", "false"
"https://anagora.org/agora-search", "[[agora-search]]", "false"
"https://n26.com/en-ch/euro-account?device=c&loc_physical_ms=1003297&matchtype=e", "Open your free bank account at N26 ‚Äî N26 Switzerland", "false"
"https://twitter.com/flancian/status/1383850460558217227", "(4) Flancia! on Twitter: ""https://t.co/n9z3t4ZUaG https://t.co/BmYkNEuGm4"" / Twitter", "false"
"https://anagora.org/things", "[[things]]", "false"
"https://www.google.com/search?q=max%20weber", "max weber - Google Search", "false"
"https://twitter.com/ZornGerhard/status/1384461892442329088", "(6) Gerhard Zorn on Twitter: ""@flancian @codexeditor ... the annotation graph being mostly equivalent to an rdf graph but modeled instead in neo4j. In the Text itself no more special syntax is needed when writing is done"" / Twitter", "false"
"https://en.wikipedia.org/wiki/Christopher_Alexander", "Christopher Alexander - Wikipedia", "false"
"https://twitter.com/home", "Home / Twitter", "false"
"https://www.youtube.com/channel/UCuXy5tCgEninup9cGplbiFw", "Missing Semester - YouTube", "false"
"https://www.audible.de/?ipRedirectFrom=US&ipRedirectOriginalURL=library%2Ftitles&source_code=ADEFAHP082615903W", "Audible.de | H√∂rb√ºcher zum Download", "false"
"https://missing.csail.mit.edu/2020/version-control/", "Version Control (Git) ¬∑ the missing semester of your cs education", "false"
"https://drive.google.com/drive/u/0/my-drive", "My Drive - Google Drive", "false"
"https://drive.google.com/drive/u/1/search?q=muerte%20br%C3%BAjula", "Search results - Google Drive", "false"
"https://docs.google.com/document/d/1Y1BTniZqXR8kyz8sF6XCRWBy_SUu5Rxh/edit", "Art√≠culo para An√°lisis Literario.doc - Google Docs", "false"
"https://twitter.com/home", "Home / Twitter", "false"
"https://twitter.com/hyperanomalous/status/1385413094424317955", "(1) Adenosine Triphosphate on Twitter: ""@flancian @007Bistromath It is diametrically opposed. Should mine be true, theirs would be invalid, and should theirs be true, mine would be invalid."" / Twitter", "false"
"https://open-wc.org/docs/development/generator/", "Development: Generator: Open Web Components", "false"
"https://lit-element.polymer-project.org/guide", "Introduction¬†‚Äì¬†LitElement", "false"
"https://stackoverflow.com/questions/18630499/display-query-results-without-table-line-within-mysql-shell-nontabular-output", "sql - Display query results without table line within mysql shell ( nontabular output ) - Stack Overflow", "false"
"https://twitter.com/notifications", "(1) Notifications / Twitter", "false"
"https://mail.google.com/mail/u/2/#search/audible/FMfcgxwJWXQbgQfVnpQSSJqHvrdXJMpk", "Thanks, your order is complete. - luperedu@gmail.com - Gmail", "false"
"https://anagora.org/git-config", "[[git-config]]", "false"
"https://www.google.com/search?channel=fs&q=sara+gallardo", "sara gallardo - Google Search", "false"
"https://admin.google.com/ac/users", "User List - Admin Console", "false"
"https://moa.party/", "Moa", "false"
"https://social.coop/web/notifications", "(7) social.coop", "false"
"https://twitter.com/compose/tweet", "Flancia! on Twitter: ""Judging from this account you could think Flancia is about open source, cats, baking, altruism, futurism, ADHD and the Agora. You'd probably be right too."" / Twitter", "false"
"https://www.google.com/search?channel=fs&q=nigiri", "nigiri - Google Search", "false"
"https://moa.party/", "Moa", "false"
"https://en.wikipedia.org/wiki/Artemis_(novel)", "Artemis (novel) - Wikipedia", "false"
"https://www.google.com/search?channel=fs&q=artemis+review", "artemis review - Google Search", "false"
"https://www.audible.de/?ipRedirectFrom=US&ipRedirectOriginalURL=library%2Ftitles&source_code=ADEFAHP082615903W", "Audible.de | H√∂rb√ºcher zum Download", "false"
"https://www.google.com/search?channel=fs&q=exalted", "exalted - Google Search", "false"
"https://anagora.org/plan", "[[plan]]", "false"
"https://utopoi-kaleido.netlify.app/", "kaleido", "false"
"https://anagora.org/paul-frazee", "[[paul-frazee]]", "false"
"https://github.com/pfrazee/ctzn/blob/master/docs/setting-up-a-server.md", "ctzn/setting-up-a-server.md at master ¬∑ pfrazee/ctzn", "false"
"https://wiki.c2.com/", "Welcome Visitors", "false"
"https://wiki.c2.com/", "Welcome Visitors", "false"
"https://anagora.org/2021-04-18", "[[2021-04-18]]", "false"
"https://www.google.com/search?channel=fs&q=markdown+etherpad", "markdown etherpad - Google Search", "false"
"https://stoa.anagora.org/", "Stoapad", "false"
"https://www.amazon.com/ap/cnep?appActionToken=j2FmtKuxUAOKD5UPVGj2FYDrRT3wv7Aj3D&appAction=CNEP_PWD&openid.return_to=ape%3AaHR0cHM6Ly93d3cuYXVkaWJsZS5jb20vYWNjb3VudC9zZXR0aW5ncz9yZWY9YV9hY2NvdW50X2MyXzBfYWNjb3VudF9zZXR0aW5ncw%3D%3D&prevRID=ape%3AOVlUWDhUU0RRSjVNSk1KTjhFWFA%3D&siteState=ape%3AY2xpZW50Q29udGV4dD0xMzMtNzEwOTMzMS0wNTY0MjAxLHNvdXJjZVVybD1odHRwcyUzQSUyRiUyRnd3dy5hdWRpYmxlLmNvbSUyRnN1Yi1jb250cm9sbGVycyUyRmF1ZGlibGUtYWNjb3VudC1kZXRhaWxzLXNldHRpbmdzLXBhZ2UtY29udGVudCUzRnBmX3JkX3AlM0QzOGQ0ZWEyZi1jM2JhLTQzZWEtOTI3Ny04MWU2ZjA5MGQ4ZDUlMjZwZl9yZF9yJTNEMkI4NkRRQUcwSkJDMFdWWjZLRjEsc2lnbmF0dXJlPVBMczR6aVhjVHp6NlVVVE10Qk51cXlEVENBUWozRA%3D%3D&email=ape%3AbHVwZXJlZHVAZ21haWwuY29t&workflowState=eyJ6aXAiOiJERUYiLCJlbmMiOiJBMjU2R0NNIiwiYWxnIjoiQTI1NktXIn0.6-u0Wvq9lh3xSfDjCKalco0-8ENXIyP-sEDmTNHwDIV_rc1d_j0MJQ.IR93KZEnpqYgbPcp.W0V_zjRtn2PtDatBxIqephH0K3AM8VKIStlbVliZPQaGgSuZeSz72lfzZN4_HLzkvgOpj8dGUDfKAoB7hQUK6cFlmP6GKRqKpQkqiD6zPRSkNhdNcnTaUgPNr94t92pQfCWOaAFCWF4-0hW6wpiikPL4gSWMGfJOCmJpcun7SBKUAr-j3okSz5RqTZGNHmicAcXlAoWnRkzTmLAb79ooXz_jjAE-psvXhhyjlRdPZzXn8xjGgN-fpfy-PgE4epSc8kFjONPg2lJmEJdUjzauBcNViPPcg4glm_kbaZvo_O4JLQET6yZZEmUkEok.oxHCSmsNh305--3-GQLnJg", "Amazon Change Name, E-mail, Password", "false"
"https://github.com/flancian/agora", "flancian/agora: A possible implementation of the Agora (flancia.org/agora).", "false"
"https://anagora.org/notsof", "[[notsof]]", "false"
"https://twitter.com/ivashko/status/1385767049138298883", "ivashko on Twitter: ""@BecomingCritter @flancian"" / Twitter", "false"
"https://www.google.com/search?q=dispossessed", "dispossessed - Google Search", "false"
"https://www.google.com/search?channel=fs&q=1000000+%2F+20", "1000000 / 20 - Google Search", "false"
"https://anagora.org/ctzn", "[[ctzn]]", "false"
"https://twitter.com/notifications", "Notifications / Twitter", "false"
"https://tylerhoran.org/", "Tylerhoran", "false"
"https://www.google.com/search?channel=fs&q=bip39", "bip39 - Google Search", "false"
"https://twitter.com/notifications", "Notifications / Twitter", "false"
"https://delishably.com/vegetable-dishes/How_Do_You_Know_When_Mushrooms_Go_Bad", "How to Tell When Mushrooms Go Bad - Delishably", "false"
"https://www.google.com/search?channel=fs&q=linus+pauling", "linus pauling - Google Search", "false"
"https://www.google.com/search?q=elinor+ostrom&tbm=isch&ictx=1&fir=0ZLjgm02Q2MdRM%252C6_V9wKxAXbBmxM%252C%252Fm%252F0c_t0j", "elinor ostrom - Google Search", "false"
"https://twitter.com/notifications", "Notifications / Twitter", "false"
"https://mail.google.com/mail/u/0/#inbox/FMfcgxwLtZwmtFtchtwXxXvshzRpBpTm", "Fwd: CUENTA BANESCO - 0@flancia.org - Flancia Mail", "false"
"https://www.google.com/search?channel=fs&q=best+science+fiction+movies+of+all+time", "best science fiction movies of all time - Google Search", "false"
"https://www.empireonline.com/movies/features/best-sci-fi-movies/", "The 50 Best Sci-Fi Movies Of All Time | Movies | Empire", "false"
"https://editorial.rottentomatoes.com/guide/best-sci-fi-movies-of-all-time/", "150 Best Sci-Fi Movies of All Time ‚Äì 150 Best Science-Fiction Movies to Watch Now << Rotten Tomatoes ‚Äì Movie and TV News", "false"
"https://anagora.org/do", "[[do]]", "false"
"https://anagora.org/flancia", "[[flancia]]", "false"
"https://news.ycombinator.com/", "Hacker News", "false"
"https://twitter.com/compose/tweet", "(6) Flancia! on Twitter: ""Is Twitter down or is Firefox giving up on me: that is the question"" / Twitter", "false"
"https://anagora.org/garden-of-forking-paths", "[[garden-of-forking-paths]]", "false"
"https://ubuntu.com/download/desktop/thank-you?version=20.04.2.0&architecture=amd64", "Thank you for downloading Ubuntu Desktop | Ubuntu", "false"
"https://askubuntu.com/questions/372607/how-to-create-a-bootable-ubuntu-usb-flash-drive-from-terminal", "command line - How to create a bootable Ubuntu USB flash drive from terminal? - Ask Ubuntu", "false"
"https://askubuntu.com/questions/215505/how-do-you-monitor-the-progress-of-dd", "monitoring - How do you monitor the progress of dd? - Ask Ubuntu", "false"
"https://www.google.com/search?q=define%3Acqy", "define:cqy - Google Search", "false"
"https://twitter.com/home", "Home / Twitter", "false"
"https://www.google.com/search?q=panasonic+lx100+ii+usb", "panasonic lx100 ii usb - Google Search", "false"
"https://www.google.com/search?q=300+*+12", "300 flancian snapshot 12 - Google Search", "false"
"https://wise.com/user/account/", "Wise - Home", "false"
"https://anagora.org/add-service", "[[add-service]]", "false"
"https://anagora.org/donate", "[[donate]]", "false"
"https://twitter.com/home", "Home / Twitter", "false"
"https://funds.effectivealtruism.org/donate/organizations", "Donate to Effective Altruism Funds | Effective Altruism Funds", "false"
"https://en.wikipedia.org/wiki/GiveWell", "GiveWell - Wikipedia", "false"
"https://twitter.com/home", "Home / Twitter", "false"
"https://anagora.org/donate", "[[donate]]", "false"
"https://wise.com/send/#/enterpayment", "Transfer Money Online | Send Money Abroad with Wise", "false"
"https://twitter.com/flancian/status/1386326460093378560", "Flancia! on Twitter: ""This is the manifesto of the [[agora]]: https://t.co/DLpErdU3BK What is yours? If you tell me, I'll add it to this list: https://t.co/vt3H2HzOVY"" / Twitter", "false"
"https://photos.google.com/", "Photos - Google Photos", "false"
"https://photos.google.com/u/1/album/AF1QipOhqtQkT93Uegw8nmaY2LeqJsYHgKGea3YdQDZF", "laptop/101_PANA - Google Photos", "false"
"https://twitter.com/flancian/status/1386329026961231873", "Flancia! on Twitter: ""[[albin zollinger | https://t.co/j8Y2E57IYh]], Swiss writer https://t.co/e5OlPGY4NR"" / Twitter", "false"
"https://anagora.org/albin-zollinger", "[[albin-zollinger]]", "false"
"https://github.com/ryansolid/solid", "ryansolid/solid: A declarative, efficient, and flexible JavaScript library for building user interfaces.", "false"
"https://twitter.com/home", "Home / Twitter", "false"
"https://social.coop/web/notifications", "social.coop", "false"
"https://github.com/JonathanLorand/patterning", "JonathanLorand/patterning: A place to share notes/materials for our reading group", "false"
"https://github.com/JonathanLorand/patterning", "JonathanLorand/patterning: A place to share notes/materials for our reading group", "false"
"https://anagora.org/porch-view", "[[porch-view]]", "false"
"https://news.ycombinator.com/", "Hacker News", "false"
"https://gitlab.com/fedstoa/moa/-/issues", "Issues ¬∑ FedStoa / moa ¬∑ GitLab", "false"
"https://github.com/flancian/agora/pull/3", "Added moaparty, changed my entry to be jekyll rather than foam by bmann ¬∑ Pull Request #3 ¬∑ flancian/agora", "false"
"https://anagora.org/user/moaparty", "Agora", "false"
"https://www.google.com/search?channel=fs&q=tmux+shortcut+list+all+windows", "tmux shortcut list all windows - Google Search", "false"
"https://twitter.com/expede", "(5) Brooklyn Zelenka üè≥Ô∏è‚Äçüåà (@expede) / Twitter", "false"
"https://wise.com/user/account/", "Wise - Home", "false"
"https://github.com/flancian/garden/commit/34a67e4cdc9147e79724382f24182d6feb58d1f6#diff-35f853fc2efa47d77b763f7c09ec28a488335c894c01dc6d8fa3ebd9f5fc0503", "Auto: misc. ¬∑ flancian/garden@34a67e4", "false"
"https://news.ycombinator.com/item?id=25573523", "Show HN: The Agora ‚Äì an experimental social network | Hacker News", "false"
"https://www.gmass.co/blog/smtp-server-linux/", "Setting up an SMTP Server on Linux - ultimate guide", "false"
"https://www.linuxbabe.com/mail-server/enable-smtps-port-465-postfix", "Enable SMTPS Port 465 in Postfix SMTP Server For Email Submission", "false"
"https://www.google.com/search?channel=fs&q=port+465+exim", "port 465 exim - Google Search", "false"
"https://kirelos.com/enable-smtps-port-465-in-postfix-smtp-server-for-email-submission/", "Enable SMTPS Port 465 in Postfix SMTP Server For Email Submission | Kirelos Blog", "false"
"http://flurdy.com/docs/postfix/", "How to set up a mail server on a GNU / Linux system", "false"
"https://sendyou123.com/math-noimg/spc/lim/10/?lpkey=167019dd372e38aa52&uclick=us9zeja96o&uclickhash=us9zeja96o-us9zsy1mdz-xi8n-0-gm9z-h99lvr-17ci3y-e0713e", "Captcha", "false"
"https://upcloud.com/community/tutorials/secure-postfix-using-lets-encrypt/", "How to secure Postfix using Let's Encrypt - Tutorial - UpCloud", "false"
"https://login.ubuntu.com/+applications", "Applications you use", "false"
"https://upcloud.com/community/tutorials/secure-postfix-using-lets-encrypt/", "How to secure Postfix using Let's Encrypt - Tutorial - UpCloud", "false"
"https://wiki.debian.org/Postfix", "Postfix - Debian Wiki", "false"
"http://www.postfix.org/SASL_README.html", "Postfix SASL Howto", "false"
"http://thecla.anagora.org:3000/", "CTZN", "false"
"https://ctznry.com/signup", "Sign up | CTZN", "false"
"https://serverfault.com/questions/815945/postfix-smtp-authentication-failed", "email server - Postfix SMTP Authentication Failed - Server Fault", "false"
"https://www.smtper.net/", "Online SMTP Test - Send and Check your Email Server", "false"
"https://serverfault.com/questions/627128/postfix-sasl-authentication-failed-internal-authentication-error", "postfix SASL authentication failed - Internal authentication error - Server Fault", "false"
"https://www.virtualmin.com/node/6296", "SASL PLAIN authentication failed | Virtualmin", "false"
"https://www.google.com/search?q=auth+plain+postfix", "auth plain postfix - Google Search", "false"
"https://www.paypal.com/signin?returnUri=https%3A%2F%2Fwww.paypal.com%2Fmyaccount%2Fsummary&state=", "Log in to your PayPal account", "false"
"https://ctznry.com/signup", "Sign up | CTZN", "false"
"https://ctznry.com/signup", "Sign up | CTZN", "false"
"https://twitter.com/compose/tweet", "Paul Frazee‚úåÔ∏è on Twitter: ""@flancian No need! This is a known problem (properly sub-pathing ctzn routes to play nice) which we‚Äôll probably hit in the next couple weeks"" / Twitter", "false"
"https://www.audible.de/library/titles?pf_rd_p=f8c8525a-2e63-4fb7-b9f4-aa0359f2dd2e&pf_rd_r=DAK0K2CFYQZBA25YYHFP", "Meine Bibliothek | Audible.de", "false"
"https://www.google.com/search?channel=fs&q=genehmigen+in+english", "genehmigen in english - Google Search", "false"
"https://passwords.google.com/", "Password Manager", "false"
"about:logins", "Logins & Passwords", "false"
"https://en.wikipedia.org/wiki/Collatz_conjecture", "Collatz conjecture - Wikipedia", "false"
"https://twitter.com/michaeldgrahams/status/1388225156141649920", "Michael Graham on Twitter: ""@flancian Thank you, I needed more cats today lol"" / Twitter", "false"
"https://anagora.org/tiddlywiki-groceries", "[[tiddlywiki-groceries]]", "false"
"https://github.com/karlicoss/promnesia/blob/be38f68897e869c6b94949bb1449207171c06e6b/extension/src/sources.js#L398-L412", "promnesia/sources.js at be38f68897e869c6b94949bb1449207171c06e6b ¬∑ karlicoss/promnesia", "false"
"https://marxsal.github.io/various/groceries.html", "Tiddly Groceries ‚Äî When you need more than just milk", "false"
"https://vimeo.com/ondemand/placesforthesoul", "Watch Places For the Soul Online | Vimeo On Demand on Vimeo", "false"
"https://www.amazon.com/gp/video/detail/B07F39L6XW", "Watch Places For The Soul: A Man Tries To Heal The World By Transforming The Way We Build | Prime Video", "false"
"https://en.wikipedia.org/wiki/Barcelona_Pavilion#/media/File:The_Barcelona_Pavilion,_Barcelona,_2010.jpg", "The Barcelona Pavilion, Barcelona, 2010 - Barcelona Pavilion - Wikipedia", "false"
"https://danielarmengolaltayo.github.io/hyperlink/capsules/unidirectionality-of-links.html", "Unidirectionality Of Links", "false"
"https://www.pangaro.com/definition-cybernetics.html", "Cybernetics ‚Äî A Definition", "false"
"https://en.wikipedia.org/wiki/The_Nature_of_Order", "The Nature of Order - Wikipedia", "false"
"https://www.google.com/search?channel=fs&q=eisejuaz", "eisejuaz - Google Search", "false"
"https://www.amazon.de/gp/huc/view.html?newItems=C923b237a-38d5-4ce9-a5e8-780f2d0e3936%2C1", "Amazon.de Basket", "false"
"https://www.goodreads.com/author/show/1345795.Sara_Gallardo", "Sara Gallardo (Author of Enero) | Goodreads", "false"
"https://ctznry.com/", "CTZN", "false"
"https://www.amazon.es/gp/buy/spc/handlers/display.html?hasWorkingJavascript=1", "Confirmar pedido - Compra Amazon.es", "false"
"https://twitter.com/flancian/status/1387846219519701002", "Flancia! on Twitter: ""@rsnous Disregard, that was dumb on my part -- the extension wasn't even there anymore. Probably related to dev mode. Apologies for the distraction."" / Twitter", "false"
"https://omar.website/tabfs/#3-ready", "TabFS", "false"
"https://developer.chrome.com/docs/apps/nativeMessaging/", "Native Messaging - Chrome Developers", "false"
"https://twitter.com/i/timeline", "Liked / Twitter", "false"
"https://admin.google.com/ac/groups/01302m923idrddi", "Group Details - Admin Console", "false"
"https://logseq.com/#/", "Logseq", "false"
"https://twitter.com/notifications", "Notifications / Twitter", "false"
"https://github.com/flancian/garden", "flancian/garden: Flancian's digital garden", "false"
"https://twitter.com/flancian", "Flancia! (@flancian) / Twitter", "false"
"https://sablier.finance/", "Sablier", "false"
"https://ctznry.com/", "CTZN", "false"
"https://askubuntu.com/questions/668538/cores-vs-threads-how-many-threads-should-i-run-on-this-machine", "cpu - Cores vs Threads: How many threads should I run on this machine? - Ask Ubuntu", "false"
"https://twitter.com/flancian", "Flancia! (@flancian) / Twitter", "false"
"https://twitter.com/compose/tweet", "(6) Titus Hora on Twitter: ""@flancian I have noticed the same when running Firefox."" / Twitter", "false"
"https://github.com/karlicoss/promnesia/blob/master/src/promnesia/misc/config_example.py", "promnesia/config_example.py at master ¬∑ karlicoss/promnesia", "false"
"https://addons.mozilla.org/en-US/firefox/addon/promnesia/", "Promnesia ‚Äì Get this Extension for ü¶ä Firefox (en-US)", "false"
"https://github.com/karlicoss/promnesia/blob/master/doc/SOURCES.org", "promnesia/SOURCES.org at master ¬∑ karlicoss/promnesia", "false"
"https://unix.stackexchange.com/questions/892/is-there-a-way-to-see-details-of-all-the-threads-that-a-process-has-in-linux", "command line - Is there a way to see details of all the threads that a process has in Linux? - Unix & Linux Stack Exchange", "false"
"https://twitter.com/wardcunningham", "Ward Cunningham (@WardCunningham) / Twitter", "false"
"https://en.wikipedia.org/wiki/Christopher_Alexander", "Christopher Alexander - Wikipedia", "false"
"https://quadrature.ai/foundation/our-work/", "Our Work", "false"
"https://flancia.org/", "Flancia", "false"
"https://twitter.com/home", "Home / Twitter", "false"
"https://twitter.com/notifications", "(1) Notifications / Twitter", "false"
"https://meta.wikimedia.org/wiki/Annotated_Hub_of_Science", "Annotated Hub of Science - Meta", "false"
"https://fatcat.wiki/release/mjpvw5p7vrfnjnjkbewaij2e34", "Data protection training improves data handling | fatcat!", "false"
"https://www.google.com/search?channel=fs&q=distill", "distill - Google Search", "false"
"https://en.wikipedia.org/wiki/Nature_(journal)", "Nature (journal) - Wikipedia", "false"
"https://calendar.google.com/calendar/u/0/r", "Flancia ‚Äì Calendar - Week of 25 April 2021", "false"
"https://talk.fission.codes/t/reading-list-book-club-working-in-public/1826", "Reading List Book Club - Working in Public - Fission Talk", "false"
"https://talk.fission.codes/t/reading-list-book-club-working-in-public/1826/6", "(1) Reading List Book Club - Working in Public - Fission Talk", "false"
"https://www.wonder.me/r?id=78652ba4-3eff-407d-83e1-ff180cd3c622", "Wonder - Online Events", "false"
"https://atelier5.ch/arbeiten/1961-siedlung-halen-herrenschwanden", "1961 Siedlung Halen Herrenschwanden | Atelier 5 - Architekten und Planer AG", "false"
"https://www.amazon.com/dp/0578675862/", "Working in Public: The Making and Maintenance of Open Source Software: Nadia Eghbal: 9780578675862: Amazon.com: Books", "false"
"https://anagora.org/working-in-public", "[[working-in-public]]", "false"
"https://en.wikipedia.org/wiki/1%25_rule_(Internet_culture)", "1% rule (Internet culture) - Wikipedia", "false"
"https://www.amazon.de/gp/buy/thankyou/handlers/display.html?asins=1542866502&isRefresh=1&orderId=305-7379345-0102734&purchaseId=304-7194204-5766710&viewId=ThankYouCart", "Thank You", "false"
"https://anagora.org/flagcia", "[[flagcia]]", "false"
"https://twitter.com/notifications", "(1) Notifications / Twitter", "false"
"https://anagora.org/nft", "[[nft]]", "false"
"https://en.wikipedia.org/wiki/Non-fungible_token", "Non-fungible token - Wikipedia", "false"
"https://en.wikipedia.org/wiki/Steven_Levy", "Steven Levy - Wikipedia", "false"
"https://twitter.com/home", "Home / Twitter", "false"
"https://doubleloop.net/2020/03/17/6623/", "Playing music on the web - doubleloop", "false"
"https://news.ycombinator.com/item?id=27004677", "GitHub repository for Sedgewick's Algorithms is taken down | Hacker News", "false"
"https://gitlab.com/veracantcode/agora-ext", "Veronika Gillies / agora-ext ¬∑ GitLab", "false"
"https://anagora.org/agora-ext", "[[agora-ext]]", "false"
"about:debugging#/runtime/this-firefox", "Debugging - Runtime / this-firefox", "false"
"https://gitlab.com/fedstoa/wikilinks-everywhere", "FedStoa / wikilinks everywhere ¬∑ GitLab", "false"
"https://www.openbsd.org/69.html", "OpenBSD 6.9", "false"
"https://merveilles.town/web/statuses/106160613107849120", "Merveilles", "false"
"https://protocol.ai/", "Protocol Labs", "false"
"https://www.google.com/search?q=panasonic+lx+100+mass+usb+mass+storage+doesn%27t+work", "panasonic lx 100 mass usb mass storage doesn't work - Google Search", "false"
"https://web.whatsapp.com/", "WhatsApp", "false"
"https://odesli.co/", "Songlink/Odesli", "false"
"https://web.whatsapp.com/", "(5) WhatsApp", "false"
"about:newtab", "New Tab", "false"
"about:newtab", "New Tab", "false"
"about:newtab", "New Tab", "false"
"about:newtab", "New Tab", "false"
"about:newtab", "New Tab", "false"
"about:newtab", "New Tab", "false"
"https://en.wikipedia.org/wiki/Wisteria", "Wisteria - Wikipedia", "false"
"about:newtab", "New Tab", "false"
"about:newtab", "New Tab", "false"
"about:newtab", "New Tab", "false"
"about:newtab", "New Tab", "false"
"about:newtab", "New Tab", "false"
"about:newtab", "New Tab", "false"
"about:newtab", "New Tab", "false"
"about:newtab", "New Tab", "false"
"about:newtab", "New Tab", "false"
"about:newtab", "New Tab", "false"
"https://pookleblinky.github.io/", "Mistake Not", "false"
"about:newtab", "New Tab", "false"
"about:newtab", "New Tab", "false"
"about:newtab", "New Tab", "false"
"about:newtab", "New Tab", "false"
"about:newtab", "New Tab", "false"
"about:newtab", "New Tab", "false"
"about:newtab", "New Tab", "false"
"about:newtab", "New Tab", "false"
"about:newtab", "New Tab", "false"
"about:newtab", "New Tab", "false"
"https://gitlab.com/ngm/commonplace-agora/", "Neil M / commonplace agora ¬∑ GitLab", "false"
"about:newtab", "New Tab", "false"
"about:newtab", "New Tab", "false"
"about:newtab", "New Tab", "false"
"about:newtab", "New Tab", "false"
"about:newtab", "New Tab", "false"
"about:newtab", "New Tab", "false"
"about:newtab", "New Tab", "false"
"about:newtab", "New Tab", "false"
"about:newtab", "New Tab", "false"
"about:newtab", "New Tab", "false"
"https://ourworldindata.org/extreme-poverty", "Global Extreme Poverty - Our World in Data", "false"
"about:newtab", "New Tab", "false"
"about:newtab", "New Tab", "false"
"about:newtab", "New Tab", "false"
"about:newtab", "New Tab", "false"
"about:newtab", "New Tab", "false"
"about:newtab", "New Tab", "false"
"about:newtab", "New Tab", "false"
"about:newtab", "New Tab", "false"
"https://anagora.org/is-twitter-down", "üí§ [[is-twitter-down]]", "false"
"https://ourworldindata.org/global-economic-inequality", "Global Economic Inequality - Our World in Data", "false"
"https://support.mozilla.org/en-US/kb/task-manager-tabs-or-extensions-are-slowing-firefox", "Task Manager - see what tabs or extensions are slowing down Firefox | Firefox Help", "false"
"https://social.coop/web/accounts/220555", "üí§ social.coop", "false"
"https://moa.party/", "üí§ Moa", "false"
"about:performance", "Task Manager", "true"
"https://social.coop/web/accounts/220555", "social.coop", "false"
"https://anagora.org/do", "üí§ [[do]]", "false"
"about:debugging#/runtime/this-firefox", "Debugging - Runtime / this-firefox", "false"
"https://stackoverflow.com/questions/15884363/in-mozilla-firefox-how-do-i-extract-the-number-of-currently-opened-tabs-to-save", "üí§ sqlite - In Mozilla Firefox, how do I extract the number of currently opened tabs to save elsewhere? - Stack Overflow", "false"
"https://via.hypothes.is/ipfs.io/ipfs/QmcWQb2wb2JQ74yyuiKth9UUe911pvjHW1ZghbF74dh6vg", "via.hypothes.is | 504: Gateway time-out", "false"
"about:telemetry#scalars-tab", "Telemetry Data", "false"
"https://stackoverflow.com/questions/42109296/is-there-any-way-to-count-number-of-tabs-are-opened-in-chrome", "üí§ javascript - Is there any way to count number of tabs are opened in chrome? - Stack Overflow", "false"
"https://anagora.org/chrome//inspect/%23pages", "üí§ 404 Not Found", "false"
"about:newtab", "New Tab", "false"
"https://twitter.com/home", "üí§ (6) Home / Twitter", "false"
"https://www.aimss-sf.com/dogs-and-cats-sweat/", "üí§ Do Dogs and Cats Sweat?", "false"
"https://about.gitlab.com/", "Iterate faster, innovate together | GitLab", "false"
"https://github.com/new", "Create a New Repository", "false"
"https://via.hypothes.is/https://stoa.anagora.org/ipfs/QmZT7E9yVePVVx2MQuAyj8ygNPPWYoegiXtJpBNuupodDP", "Notes on the Synthesis of Form (Harvard Paperbacks) - QmZT7E9yVePVVx2MQuAyj8ygNPPWYoegiXtJpBNuupodDP", "false"
"https://creativecommons.org/publicdomain/zero/1.0/", "Creative Commons ‚Äî CC0 1.0 Universal", "false"
"about:newtab", "New Tab", "false"
"https://twitter.com/messages/57646649-773144670507499521", "Kushan Joshi / Twitter", "false"
"https://drive.google.com/drive/u/0/search?q=feedback", "Search results - Google Drive", "false"
"https://docs.google.com/forms/d/1Hrshzw5wK67Xd7-QjPpUCzXsp4jf_hnGN5_HD5TVlnI/edit", "Feedback for Flancian - Google Forms", "false"
"https://bangle.io/", "Bangle App", "false"
"https://www.namecheap.com/domains/registration/results/?domain=agora", "Namecheap", "false"
"https://anagora.org/index", "[[index]]", "true"
"https://github.com/", "GitHub", "false"
"https://ctznry.com/", "CTZN", "false"
"https://github.com/elopio/ipfs-snap", "elopio/ipfs-snap: IPFS packaged as a snap", "false"
"https://www.google.com/search?channel=fs&q=github+snapshots", "github snapshots - Google Search", "true"
"https://mitpress.mit.edu/books/live-and-think-pigs", "To Live and Think Like Pigs | The MIT Press", "false"
"https://anagora.org/digital-gardeners", "[[digital-gardeners]]", "false"
"https://www.youtube.com/watch?v=TtfdWl10lN4", "Why Would A Recording App Win ‚ÄúBest App of the Year‚Äù? - YouTube", "false"
"https://www.goodreads.com/book/show/44245196-the-great-mental-models", "The Great Mental Models: General Thinking Concepts by Shane Parrish | Goodreads", "false"
"https://stoa.anagora.org/p/patterning_reading_group", "patterning reading group | Stoapad", "false"
"https://en.wikipedia.org/wiki/Vitruvius", "Vitruvius - Wikipedia", "false"
"https://en.wikipedia.org/wiki/Causality_(book)", "Causality (book) - Wikipedia", "false"
"https://en.wikipedia.org/wiki/List_of_chess_openings", "List of chess openings - Wikipedia", "false"
"https://en.wikipedia.org/wiki/Invitation_to_tender", "Invitation to tender - Wikipedia", "false"
"https://anagora.org/do", "[[do]]", "false"
"https://tabs.ultimate-guitar.com/tab/kylie-minogue/cant-get-you-out-of-my-head-chords-1248558", "CANT GET YOU OUT OF MY HEAD CHORDS (ver 5) by Kylie Minogue @ Ultimate-Guitar.Com", "false"
"https://en.wikipedia.org/wiki/Chess_opening", "Chess opening - Wikipedia", "false"
"https://en.wikipedia.org/wiki/Non-fungible_token", "Non-fungible token - Wikipedia", "false"
"https://anagora.org/omega-rule", "[[omega-rule]]", "false"
"https://politics.stackexchange.com/questions/62420/what-is-an-alternative-theory-to-the-paradox-of-tolerance/62455#62455", "What is an alternative theory to the Paradox of Tolerance? - Politics Stack Exchange", "false"
"https://anagora.org/johnny-mnemonic", "[[johnny-mnemonic]]", "false"
"https://github.com/hometown-fork/hometown", "hometown-fork/hometown: A supported fork of Mastodon that provides local posting and a wider range of content types.", "false"
"https://www.goodreads.com/book/show/548914.The_Little_Schemer", "The Little Schemer by Daniel P. Friedman | Goodreads", "false"
"https://github.com/frankitox/the-little-javascripter/blob/master/The%20Little%20Schemer%204th%20Ed.pdf", "the-little-javascripter/The Little Schemer 4th Ed.pdf at master ¬∑ frankitox/the-little-javascripter", "false"
"https://www.goodreads.com/book/show/548914.The_Little_Schemer", "The Little Schemer by Daniel P. Friedman | Goodreads", "false"
"https://gitlab.com/ngm/commonplace-agora/-/tree/master", "Files ¬∑ master ¬∑ Neil M / commonplace agora ¬∑ GitLab", "false"
"https://github.com/hkoktay/the-little-schemer/blob/master/chapter01.scm", "the-little-schemer/chapter01.scm at master ¬∑ hkoktay/the-little-schemer", "false"
"https://anagora.org/i-ching", "[[i-ching]]", "false"
"http://www1.cs.columbia.edu/~sedwards/classes/2008/w4115-fall/functional.pdf", "Functional Programming and the Lambda Calculus - functional.pdf", "false"
"https://en.wikipedia.org/wiki/Capitalism", "Capitalism - Wikipedia", "false"
"https://micro.blog/pricing", "Micro.blog", "false"
"https://en.wikipedia.org/wiki/List_of_URI_schemes", "List of URI schemes - Wikipedia", "false"
"https://anagora.org/satyagraha", "[[satyagraha]]", "false"
"https://omar.website/tabfs/", "TabFS", "false"
"https://en.wikipedia.org/wiki/Theo_de_Raadt", "Theo de Raadt - Wikipedia", "false"
"https://opencollective.com/flancia", "Flancia - Open Collective", "false"
"https://rdflib.readthedocs.io/en/stable/namespaces_and_bindings.html", "Namespaces and Bindings ‚Äî rdflib 5.0.0 documentation", "false"
"https://opencollective.com/", "Open Collective - Make your community sustainable. Collect and spend money transparently.", "false"
"https://rdflib.readthedocs.io/en/stable/apidocs/rdflib.plugins.serializers.html", "rdflib.plugins.serializers package ‚Äî rdflib 5.0.0 documentation", "false"
"https://docs.python.org/3/library/json.html", "json ‚Äî JSON encoder and decoder ‚Äî Python 3.9.4 documentation", "false"
"https://stackoverflow.com/questions/1151658/python-hashable-dicts", "Python hashable dicts - Stack Overflow", "false"
"https://www.youtube.com/watch?v=uFirZANoiHI&t=0s", "Eric Weinstein: Geometric Unity...REVEALED! - YouTube", "false"
"https://opensource.google/docs/using/agpl-policy/", "AGPL Policy ‚Äì opensource.google", "false"
"https://twitter.com/flancian/status/1382370939946606603", "(1) Flancia! on Twitter: ""Baby steps. Thank you @notverapetrova for starting [[agora ext]]! Will try to contribute some improvements. https://t.co/WPdT2xx2V3"" / Twitter", "false"
"https://social.coop/web/timelines/home", "(1) social.coop", "false"
"https://web.whatsapp.com/", "WhatsApp", "false"
"https://www.digitec.ch/en/s1/product/lenovo-thinkpad-p14s-14-full-hd-amd-ryzen-7-pro-4750u-16gb-256gb-notebook-14049324", "Lenovo ThinkPad P14s (14"", Full HD, AMD Ryzen 7 PRO 4750U, 16GB, 256GB) - digitec", "false"
